{
    "keyboard_name": "ARMOUR-MACRO",
    "manufacturer": "ARMOURGRADE",
    "maintainer": "nino364",

    "usb": {
        "vid": "0x12FA",
        "pid": "0x0128",
        "device_version": "0.0.1"
        
    },
    "matrix_pins": {
        "cols": [ "B2", "B3", "B1"],
        "rows": ["F4", "F5", "F6", "F7"]
    },
    "diode_direction": "COL2ROW",
    "encoder": {
        "rotary": [
            {"pin_a": "B4", "pin_b": "B5"},
            {"pin_a": "E6", "pin_b": "D7"}
        ]
    },
    "processor": "atmega32u4",
    "bootloader": "caterina",
    "layouts": {
        "LAYOUT": {
            "layout": [
                {"matrix": [0, 0], "x": 0, "y": 0},
                {"matrix": [0, 1], "x": 1, "y": 0},
                {"matrix": [0, 2], "x": 2, "y": 0},
                

                {"matrix": [1, 0], "x": 0, "y": 1},
                {"matrix": [1, 1], "x": 1, "y": 1},
                {"matrix": [1, 2], "x": 2, "y": 1},
                

                {"matrix": [2, 0], "x": 0, "y": 2},
                {"matrix": [2, 1], "x": 1, "y": 2},
                {"matrix": [2, 2], "x": 2, "y": 2},
               

                {"matrix": [3, 0], "x": 0, "y": 3},
                {"matrix": [3, 1], "x": 1, "y": 3},
                {"matrix": [3, 2], "x": 2, "y": 3}
                
            ]
        }
    }
}
